,Type,Time,Latitude,Longitude
0,drugging,2am to 6am,42.294586,-85.594025
1,drugging,10pm to 2am,42.290763,-85.591392
2,groping,6pm to 10pm,42.294095,-85.592382
3,groping,6pm to 10pm,42.293052,-85.592914
4,groping,6pm to 10pm,42.293295,-85.593318
5,drugging,6pm to 10pm,42.29209,-85.593496
6,groping,2am to 6am,42.295601,-85.592762
7,catcalling,10pm to 2am,42.294689,-85.592189
8,groping,2am to 6am,42.293491,-85.591201
9,catcalling,2am to 6am,42.295315,-85.590432
10,stalking,2am to 6am,42.291131,-85.593519
11,stalking,10am to 2pm,42.293912,-85.593991
12,sexual assault,2am to 6am,42.295398,-85.591095
13,groping,10pm to 2am,42.291838,-85.593187
14,stalking,2am to 6am,42.294994,-85.590374
15,groping,2am to 6am,42.293085,-85.591659
16,stalking,6pm to 10pm,42.291257,-85.592548
17,catcalling,10pm to 2am,42.293709,-85.591884
18,drugging,2am to 6am,42.292559,-85.592409
19,catcalling,2am to 6am,42.292073,-85.591724
20,groping,6pm to 10pm,42.2955,-85.591329
21,catcalling,2am to 6am,42.291117,-85.591306
22,catcalling,2am to 6am,42.291579,-85.594067
23,drugging,2pm to 6pm,42.293674,-85.590825
24,groping,10pm to 2am,42.292899,-85.590362
25,catcalling,10am to 2pm,42.294509,-85.592328
26,catcalling,2am to 6am,42.291257,-85.593674
27,drugging,6pm to 10pm,42.291721,-85.593453
28,catcalling,2am to 6am,42.291255,-85.591812
29,groping,10pm to 2am,42.29221,-85.59079
30,groping,2am to 6am,42.291875,-85.590101
31,drugging,6pm to 10pm,42.295534,-85.592059
32,catcalling,10pm to 2am,42.294215,-85.591009
33,stalking,6pm to 10pm,42.29188,-85.59362
34,stalking,10pm to 2am,42.292979,-85.593
35,catcalling,2am to 6am,42.291401,-85.590625
36,drugging,6pm to 10pm,42.292007,-85.590677
37,drugging,6pm to 10pm,42.29435,-85.590422
38,groping,6am to 10am,42.295527,-85.591813
39,stalking,10pm to 2am,42.292407,-85.591771
40,groping,2am to 6am,42.290663,-85.591794
41,groping,6am to 10am,42.292138,-85.592692
42,drugging,10pm to 2am,42.29493,-85.590271
43,catcalling,6am to 10am,42.291006,-85.590847
44,catcalling,6am to 10am,42.291128,-85.590594
45,stalking,2am to 6am,42.292681,-85.591542
46,catcalling,6am to 10am,42.294364,-85.593055
47,groping,10pm to 2am,42.291191,-85.590955
48,groping,2pm to 6pm,42.295015,-85.590634
49,catcalling,2am to 6am,42.295482,-85.593763
50,groping,10pm to 2am,42.29192,-85.592539
51,catcalling,10pm to 2am,42.292851,-85.590462
52,catcalling,6pm to 10pm,42.293579,-85.592838
53,catcalling,10pm to 2am,42.290933,-85.591783
54,stalking,6am to 10am,42.292418,-85.593624
55,groping,6am to 10am,42.293819,-85.591775
56,stalking,6am to 10am,42.295148,-85.591405
57,stalking,2am to 6am,42.294086,-85.592753
58,drugging,10pm to 2am,42.293655,-85.593983
59,stalking,6am to 10am,42.293864,-85.591675
60,stalking,2am to 6am,42.290982,-85.59413
61,groping,10pm to 2am,42.293816,-85.590556
62,catcalling,10pm to 2am,42.291478,-85.592805
63,drugging,10pm to 2am,42.292995,-85.592473
64,stalking,6pm to 10pm,42.29534,-85.590971
65,groping,10pm to 2am,42.294172,-85.591318
66,stalking,2am to 6am,42.291651,-85.59378
67,groping,6am to 10am,42.293295,-85.591622
68,groping,2am to 6am,42.293284,-85.590401
69,groping,6pm to 10pm,42.293989,-85.593455
70,catcalling,2am to 6am,42.290654,-85.590151
71,catcalling,2pm to 6pm,42.291226,-85.592333
72,stalking,2am to 6am,42.291579,-85.590099
73,catcalling,10pm to 2am,42.291256,-85.594134
74,drugging,10am to 2pm,42.295325,-85.593512
75,catcalling,10pm to 2am,42.294321,-85.591051
76,groping,2am to 6am,42.292733,-85.593166
77,drugging,2pm to 6pm,42.29393,-85.590555
78,groping,6pm to 10pm,42.293866,-85.591379
79,catcalling,6pm to 10pm,42.2952,-85.592659
80,sexual assault,2am to 6am,42.293619,-85.592535
81,groping,6pm to 10pm,42.29414,-85.592928
82,battery,2am to 6am,42.292572,-85.593873
83,drugging,2am to 6am,42.293425,-85.593143
84,catcalling,6pm to 10pm,42.290834,-85.592811
85,catcalling,10am to 2pm,42.292298,-85.592827
86,catcalling,6pm to 10pm,42.294007,-85.594047
87,catcalling,10pm to 2am,42.294901,-85.592581
88,catcalling,2am to 6am,42.29412,-85.593044
89,catcalling,2am to 6am,42.295653,-85.590397
90,groping,2am to 6am,42.293762,-85.592302
91,stalking,2am to 6am,42.291034,-85.590397
92,drugging,6am to 10am,42.293389,-85.591721
93,catcalling,2am to 6am,42.291054,-85.592456
94,catcalling,2am to 6am,42.292356,-85.593957
95,stalking,6am to 10am,42.295385,-85.593611
96,groping,6pm to 10pm,42.291994,-85.592081
97,catcalling,10pm to 2am,42.292708,-85.592676
98,drugging,10pm to 2am,42.291598,-85.590246
99,drugging,10pm to 2am,42.292351,-85.590492
100,drugging,2pm to 6pm,42.295107,-85.592337
101,drugging,2am to 6am,42.293773,-85.591989
102,groping,6am to 10am,42.293392,-85.593061
103,catcalling,10pm to 2am,42.293282,-85.593465
104,catcalling,10pm to 2am,42.292018,-85.590883
105,groping,10pm to 2am,42.293225,-85.590771
106,catcalling,10am to 2pm,42.295374,-85.593057
107,catcalling,2am to 6am,42.291681,-85.592416
108,catcalling,10pm to 2am,42.29362,-85.592174
109,catcalling,6pm to 10pm,42.294256,-85.593905
110,drugging,2am to 6am,42.291959,-85.591309
111,catcalling,6am to 10am,42.293598,-85.591705
112,catcalling,10am to 2pm,42.294295,-85.590458
113,catcalling,6pm to 10pm,42.290923,-85.592046
114,catcalling,2am to 6am,42.295007,-85.592464
115,stalking,2am to 6am,42.291688,-85.59273
116,drugging,10pm to 2am,42.293157,-85.592743
117,groping,2am to 6am,42.292807,-85.592395
118,catcalling,10pm to 2am,42.294158,-85.591393
119,sexual assault,6pm to 10pm,42.292036,-85.590324
120,catcalling,10am to 2pm,42.295245,-85.590367
121,sexual assault,2am to 6am,42.29387,-85.591873
122,catcalling,10pm to 2am,42.292126,-85.593207
123,catcalling,10am to 2pm,42.291696,-85.590258
124,catcalling,10pm to 2am,42.2936,-85.593402
125,sexual assault,2am to 6am,42.29145,-85.592766
126,stalking,2am to 6am,42.293347,-85.592288
127,stalking,6am to 10am,42.291864,-85.590381
128,catcalling,10pm to 2am,42.2914,-85.592491
129,groping,10pm to 2am,42.290806,-85.59331
130,drugging,2am to 6am,42.293266,-85.592681
131,groping,2am to 6am,42.294128,-85.593279
132,groping,2am to 6am,42.295329,-85.59191
133,catcalling,2am to 6am,42.292018,-85.593695
134,groping,2am to 6am,42.294795,-85.591744
135,drugging,10pm to 2am,42.290991,-85.593673
136,catcalling,6pm to 10pm,42.29181,-85.591673
137,catcalling,2am to 6am,42.2931,-85.592069
138,catcalling,2am to 6am,42.291765,-85.590461
139,catcalling,2am to 6am,42.295173,-85.592787
140,catcalling,6am to 10am,42.291476,-85.590172
141,catcalling,10am to 2pm,42.29331,-85.589973
142,stalking,10pm to 2am,42.292083,-85.591121
143,stalking,10pm to 2am,42.291913,-85.59244
144,catcalling,2am to 6am,42.291811,-85.592936
145,groping,2am to 6am,42.292022,-85.59302
146,groping,10pm to 2am,42.292382,-85.593994
147,stalking,2am to 6am,42.293177,-85.593539
148,catcalling,6am to 10am,42.295281,-85.591574
149,catcalling,6am to 10am,42.295413,-85.590809
150,catcalling,10am to 2pm,42.291693,-85.592487
151,catcalling,10pm to 2am,42.291118,-85.593592
152,groping,10am to 2pm,42.292564,-85.594151
153,drugging,10pm to 2am,42.290789,-85.591855
154,catcalling,2pm to 6pm,42.295246,-85.590611
155,catcalling,10pm to 2am,42.292374,-85.591812
156,groping,10pm to 2am,42.293297,-85.590267
157,drugging,2am to 6am,42.291394,-85.590831
158,catcalling,2am to 6am,42.292973,-85.591016
159,groping,10pm to 2am,42.294911,-85.593296
160,catcalling,2am to 6am,42.295183,-85.591574
161,catcalling,2am to 6am,42.290718,-85.59388
162,catcalling,6pm to 10pm,42.29174,-85.591946
163,drugging,6pm to 10pm,42.294422,-85.591662
164,catcalling,10pm to 2am,42.291863,-85.590815
165,sexual assault,2pm to 6pm,42.294833,-85.590419
166,groping,2am to 6am,42.291331,-85.593199
167,groping,2am to 6am,42.294187,-85.593969
168,catcalling,10pm to 2am,42.291025,-85.593696
169,drugging,2am to 6am,42.295178,-85.593386
170,catcalling,6pm to 10pm,42.294865,-85.593729
171,stalking,2am to 6am,42.29516,-85.592391
172,catcalling,10pm to 2am,42.291264,-85.593806
173,catcalling,2am to 6am,42.292453,-85.593127
174,catcalling,6am to 10am,42.292359,-85.593319
175,groping,2pm to 6pm,42.292416,-85.591267
176,stalking,6am to 10am,42.29108,-85.591668
177,catcalling,10pm to 2am,42.292476,-85.593713
178,groping,10pm to 2am,42.292688,-85.591676
179,battery,10pm to 2am,42.295443,-85.592742
180,catcalling,10pm to 2am,42.294441,-85.591386
181,catcalling,6pm to 10pm,42.291116,-85.592302
182,catcalling,2am to 6am,42.291114,-85.590122
183,catcalling,10pm to 2am,42.292027,-85.592977
184,groping,2pm to 6pm,42.292378,-85.592702
185,catcalling,10pm to 2am,42.295266,-85.589959
186,stalking,2pm to 6pm,42.294631,-85.592022
187,drugging,2am to 6am,42.29244,-85.592076
188,drugging,10pm to 2am,42.29527,-85.589959
189,catcalling,2pm to 6pm,42.295305,-85.590947
190,drugging,10pm to 2am,42.291999,-85.592136
191,groping,10pm to 2am,42.291492,-85.590524
192,groping,6pm to 10pm,42.295335,-85.592084
193,catcalling,10pm to 2am,42.295593,-85.590696
194,drugging,2pm to 6pm,42.29207,-85.59345
195,catcalling,10pm to 2am,42.291996,-85.593518
196,catcalling,2am to 6am,42.291844,-85.591659
197,catcalling,2am to 6am,42.29312,-85.594003
198,sexual assault,6pm to 10pm,42.292477,-85.593662
199,drugging,6pm to 10pm,42.294876,-85.590537
200,stalking,6pm to 10pm,42.291904,-85.592894
201,drugging,2am to 6am,42.295128,-85.591305
202,catcalling,10pm to 2am,42.292448,-85.594109
203,catcalling,2am to 6am,42.291044,-85.592328
204,groping,10pm to 2am,42.292847,-85.590244
205,sexual assault,10pm to 2am,42.294323,-85.594013
206,catcalling,2am to 6am,42.294037,-85.592303
207,catcalling,6am to 10am,42.295168,-85.590919
208,catcalling,2am to 6am,42.293329,-85.590937
209,catcalling,10pm to 2am,42.293974,-85.590496
210,stalking,10pm to 2am,42.294528,-85.592771
211,groping,2am to 6am,42.292776,-85.591906
212,groping,2am to 6am,42.295263,-85.59101
213,groping,2pm to 6pm,42.292642,-85.591798
214,catcalling,10pm to 2am,42.29144,-85.592646
215,stalking,2am to 6am,42.291858,-85.593155
216,stalking,10pm to 2am,42.295665,-85.592842
217,groping,2am to 6am,42.293798,-85.593727
218,catcalling,10pm to 2am,42.293657,-85.591266
219,catcalling,2am to 6am,42.292162,-85.591293
220,drugging,2am to 6am,42.295642,-85.591357
221,groping,2pm to 6pm,42.292437,-85.593313
222,catcalling,10pm to 2am,42.295391,-85.591721
223,stalking,10pm to 2am,42.294813,-85.591253
224,catcalling,2am to 6am,42.294236,-85.590505
225,drugging,2am to 6am,42.290951,-85.591098
226,groping,10am to 2pm,42.292159,-85.590716
227,groping,6am to 10am,42.291679,-85.593037
228,catcalling,2am to 6am,42.293402,-85.591386
229,catcalling,6am to 10am,42.294644,-85.590278
230,catcalling,6am to 10am,42.294801,-85.59252
231,groping,10pm to 2am,42.292513,-85.593846
232,battery,2am to 6am,42.294417,-85.591937
233,stalking,2am to 6am,42.292373,-85.591489
234,groping,10pm to 2am,42.291237,-85.590625
235,drugging,2am to 6am,42.292666,-85.590784
236,catcalling,2am to 6am,42.295179,-85.590472
237,catcalling,10am to 2pm,42.292713,-85.591428
238,catcalling,2am to 6am,42.292397,-85.593157
239,drugging,10pm to 2am,42.293699,-85.590361
240,drugging,10pm to 2am,42.293614,-85.590379
241,catcalling,6pm to 10pm,42.294897,-85.591826
242,battery,10am to 2pm,42.291355,-85.592704
243,stalking,6pm to 10pm,42.295353,-85.590349
244,groping,10pm to 2am,42.294721,-85.590888
245,drugging,6am to 10am,42.293754,-85.592468
246,groping,2am to 6am,42.291773,-85.591784
247,groping,6am to 10am,42.290891,-85.592098
248,catcalling,2am to 6am,42.290929,-85.593841
249,catcalling,6pm to 10pm,42.291562,-85.591095
250,drugging,10pm to 2am,42.291559,-85.5935
251,drugging,2am to 6am,42.291523,-85.590912
252,groping,10am to 2pm,42.291438,-85.594127
253,stalking,6pm to 10pm,42.294806,-85.591094
254,groping,10pm to 2am,42.29387,-85.59095
255,groping,2am to 6am,42.292433,-85.590205
256,catcalling,6pm to 10pm,42.295317,-85.593626
257,groping,6am to 10am,42.295596,-85.593566
258,drugging,2am to 6am,42.293967,-85.590382
259,groping,2am to 6am,42.291418,-85.592528
260,catcalling,6am to 10am,42.290655,-85.590022
261,catcalling,2am to 6am,42.292646,-85.593054
262,catcalling,10pm to 2am,42.29365,-85.591265
263,stalking,2am to 6am,42.2926,-85.593879
264,catcalling,6pm to 10pm,42.294758,-85.592361
265,catcalling,10pm to 2am,42.291628,-85.592523
266,catcalling,6pm to 10pm,42.293951,-85.594009
267,catcalling,6am to 10am,42.291791,-85.591279
268,stalking,2am to 6am,42.294105,-85.593519
269,groping,2am to 6am,42.293459,-85.593302
270,groping,6am to 10am,42.292221,-85.592361
271,groping,6pm to 10pm,42.292431,-85.592918
272,drugging,2am to 6am,42.295103,-85.591808
273,stalking,2am to 6am,42.293362,-85.590872
274,catcalling,10pm to 2am,42.292541,-85.590569
275,catcalling,6am to 10am,42.295346,-85.591222
276,catcalling,6pm to 10pm,42.291605,-85.591604
277,catcalling,10pm to 2am,42.295029,-85.590228
278,catcalling,10pm to 2am,42.293672,-85.594085
279,groping,10pm to 2am,42.290891,-85.591191
280,drugging,10pm to 2am,42.290955,-85.591073
281,catcalling,2am to 6am,42.294238,-85.592386
282,groping,6pm to 10pm,42.290687,-85.593199
283,catcalling,10pm to 2am,42.292505,-85.591386
284,catcalling,2am to 6am,42.292763,-85.590322
285,catcalling,10pm to 2am,42.295244,-85.593939
286,groping,6am to 10am,42.290916,-85.594001
287,battery,2am to 6am,42.291477,-85.594076
288,catcalling,2am to 6am,42.294158,-85.59182
289,catcalling,10am to 2pm,42.292468,-85.591717
290,catcalling,2am to 6am,42.295583,-85.591008
291,drugging,10pm to 2am,42.295471,-85.591223
292,catcalling,2am to 6am,42.293451,-85.59375
293,stalking,10pm to 2am,42.290927,-85.589991
294,catcalling,2am to 6am,42.294025,-85.590008
295,stalking,10am to 2pm,42.29207,-85.593582
296,drugging,10pm to 2am,42.294849,-85.591528
297,stalking,10pm to 2am,42.294575,-85.591845
298,groping,2am to 6am,42.293274,-85.592555
299,catcalling,2am to 6am,42.294178,-85.59245
300,catcalling,10pm to 2am,42.294945,-85.593995
301,catcalling,10am to 2pm,42.293781,-85.591306
302,stalking,2am to 6am,42.294843,-85.592022
303,drugging,6pm to 10pm,42.291564,-85.591701
304,sexual assault,2am to 6am,42.291,-85.591669
305,groping,2am to 6am,42.295323,-85.59051
306,catcalling,2am to 6am,42.293157,-85.593029
307,catcalling,6pm to 10pm,42.292368,-85.591322
308,groping,2am to 6am,42.291393,-85.593244
309,stalking,6pm to 10pm,42.292137,-85.591262
310,drugging,6am to 10am,42.293869,-85.590541
311,groping,10pm to 2am,42.293881,-85.591295
312,drugging,2am to 6am,42.291245,-85.59291
313,catcalling,6am to 10am,42.292756,-85.59137
314,groping,10pm to 2am,42.291562,-85.592358
315,catcalling,6am to 10am,42.292165,-85.59375
316,stalking,2am to 6am,42.292036,-85.592041
317,stalking,10pm to 2am,42.294231,-85.591179
318,groping,6pm to 10pm,42.290782,-85.592635
319,catcalling,2pm to 6pm,42.293483,-85.593104
320,groping,10pm to 2am,42.290738,-85.594007
321,stalking,6am to 10am,42.292204,-85.593136
322,catcalling,2am to 6am,42.292231,-85.593323
323,catcalling,2am to 6am,42.290692,-85.594047
324,battery,10pm to 2am,42.293905,-85.593457
325,drugging,10am to 2pm,42.290962,-85.590744
326,groping,2am to 6am,42.295572,-85.59053
327,sexual assault,2am to 6am,42.2925,-85.592363
328,stalking,2am to 6am,42.291471,-85.590526
329,sexual assault,2am to 6am,42.291408,-85.590581
330,stalking,6am to 10am,42.292412,-85.592153
331,groping,2am to 6am,42.295527,-85.591772
332,catcalling,2am to 6am,42.295068,-85.593322
333,catcalling,10pm to 2am,42.291295,-85.593286
334,drugging,6pm to 10pm,42.292406,-85.593021
335,catcalling,2am to 6am,42.292441,-85.590793
336,groping,10pm to 2am,42.290903,-85.590788
337,groping,6pm to 10pm,42.295249,-85.592289
338,stalking,6pm to 10pm,42.290718,-85.592252
339,catcalling,10pm to 2am,42.290669,-85.594023
340,drugging,10pm to 2am,42.293945,-85.592596
341,catcalling,10pm to 2am,42.291426,-85.59204
342,groping,10pm to 2am,42.294877,-85.592082
343,battery,10pm to 2am,42.293029,-85.591438
344,groping,6pm to 10pm,42.293064,-85.591102
345,sexual assault,10pm to 2am,42.294428,-85.590111
346,sexual assault,2am to 6am,42.291665,-85.592358
347,drugging,10pm to 2am,42.293017,-85.591547
348,catcalling,10pm to 2am,42.295365,-85.591288
349,catcalling,10pm to 2am,42.294734,-85.591431
350,stalking,10pm to 2am,42.293897,-85.592478
351,drugging,2am to 6am,42.291178,-85.594009
352,catcalling,2am to 6am,42.294561,-85.591185
353,drugging,10pm to 2am,42.293872,-85.59172
354,stalking,2am to 6am,42.29535,-85.593098
355,battery,6am to 10am,42.294404,-85.59334
356,catcalling,10pm to 2am,42.293627,-85.592938
357,groping,10am to 2pm,42.291319,-85.590243
358,catcalling,2am to 6am,42.294908,-85.593614
359,catcalling,10pm to 2am,42.2953,-85.591066
360,sexual assault,2am to 6am,42.292753,-85.590745
361,stalking,2am to 6am,42.29132,-85.590923
362,stalking,6am to 10am,42.291724,-85.593318
363,catcalling,2am to 6am,42.293875,-85.591372
364,groping,10am to 2pm,42.290783,-85.591715
365,sexual assault,6pm to 10pm,42.294509,-85.591719
366,groping,10pm to 2am,42.29386,-85.592491
367,groping,10pm to 2am,42.295151,-85.594046
368,groping,6pm to 10pm,42.293863,-85.590085
369,groping,2pm to 6pm,42.294758,-85.5903
370,stalking,6pm to 10pm,42.295016,-85.592719
371,groping,2am to 6am,42.291226,-85.59148
372,drugging,2am to 6am,42.292995,-85.590799
373,groping,2am to 6am,42.292801,-85.592133
374,catcalling,2am to 6am,42.293173,-85.59003
375,catcalling,6am to 10am,42.294122,-85.590746
376,drugging,10pm to 2am,42.294432,-85.59122
377,drugging,2am to 6am,42.291419,-85.592621
378,groping,2am to 6am,42.293458,-85.593772
379,catcalling,2am to 6am,42.29159,-85.592097
380,drugging,10pm to 2am,42.29473,-85.593672
381,groping,2am to 6am,42.295373,-85.592996
382,catcalling,10pm to 2am,42.291051,-85.592993
383,groping,6pm to 10pm,42.291131,-85.591349
384,stalking,10pm to 2am,42.292138,-85.590443
385,stalking,6pm to 10pm,42.29123,-85.592371
386,stalking,10pm to 2am,42.295245,-85.593249
387,catcalling,10pm to 2am,42.295442,-85.591359
388,stalking,6am to 10am,42.293107,-85.592026
389,stalking,2am to 6am,42.291571,-85.593039
390,stalking,2am to 6am,42.294847,-85.590184
391,catcalling,2pm to 6pm,42.294977,-85.592891
392,catcalling,10pm to 2am,42.293495,-85.592851
393,catcalling,2am to 6am,42.295355,-85.590678
394,catcalling,6pm to 10pm,42.294681,-85.592734
395,catcalling,2am to 6am,42.294369,-85.593814
396,groping,2am to 6am,42.293373,-85.591326
397,groping,2pm to 6pm,42.291974,-85.590193
398,drugging,2am to 6am,42.293078,-85.591736
399,groping,10pm to 2am,42.294452,-85.592946
400,drugging,6am to 10am,42.294141,-85.593344
401,catcalling,6am to 10am,42.293922,-85.59392
402,groping,10pm to 2am,42.291127,-85.593997
403,stalking,2am to 6am,42.293047,-85.593496
404,catcalling,10pm to 2am,42.2955,-85.591264
405,catcalling,10pm to 2am,42.29085,-85.59388
406,catcalling,2am to 6am,42.291449,-85.590172
407,drugging,10pm to 2am,42.291913,-85.592348
408,stalking,6pm to 10pm,42.294717,-85.592521
409,groping,10am to 2pm,42.294216,-85.590886
410,drugging,10pm to 2am,42.29537,-85.592869
411,catcalling,2am to 6am,42.29309,-85.593001
412,catcalling,2am to 6am,42.293988,-85.591266
413,catcalling,6pm to 10pm,42.291769,-85.590233
414,drugging,2am to 6am,42.295225,-85.591726
415,drugging,2am to 6am,42.291931,-85.593998
416,drugging,2am to 6am,42.293846,-85.594086
417,stalking,2am to 6am,42.291491,-85.591514
418,groping,2am to 6am,42.292299,-85.59294
419,catcalling,10pm to 2am,42.294017,-85.592048
420,drugging,10pm to 2am,42.292083,-85.593671
421,groping,2pm to 6pm,42.293673,-85.592995
422,groping,2am to 6am,42.294409,-85.593066
423,catcalling,2am to 6am,42.295241,-85.590187
424,catcalling,10pm to 2am,42.292153,-85.590119
425,drugging,2am to 6am,42.294824,-85.591566
426,catcalling,6am to 10am,42.294024,-85.593953
427,groping,2am to 6am,42.29083,-85.591795
428,catcalling,10pm to 2am,42.29527,-85.592241
429,stalking,2pm to 6pm,42.295668,-85.590034
430,catcalling,10pm to 2am,42.29171,-85.593333
431,drugging,10am to 2pm,42.293755,-85.591518
432,catcalling,6pm to 10pm,42.291631,-85.591446
433,groping,6pm to 10pm,42.292896,-85.591349
434,drugging,6am to 10am,42.2929,-85.591927
435,stalking,2am to 6am,42.291806,-85.591666
436,groping,10pm to 2am,42.293558,-85.591989
437,catcalling,2am to 6am,42.294389,-85.590715
438,drugging,10pm to 2am,42.291436,-85.593687
439,drugging,2am to 6am,42.293901,-85.59002
440,stalking,2am to 6am,42.293043,-85.589969
441,drugging,2am to 6am,42.295291,-85.591662
442,drugging,2am to 6am,42.291495,-85.592758
443,catcalling,6pm to 10pm,42.291196,-85.591412
444,stalking,2pm to 6pm,42.294304,-85.593565
445,drugging,10pm to 2am,42.292243,-85.590058
446,groping,2am to 6am,42.292764,-85.590397
447,catcalling,10pm to 2am,42.293732,-85.590382
448,catcalling,10pm to 2am,42.290974,-85.5917
449,stalking,2am to 6am,42.295468,-85.593595
450,sexual assault,10pm to 2am,42.294951,-85.594162
451,groping,10pm to 2am,42.293506,-85.591605
452,groping,2am to 6am,42.295546,-85.592403
453,catcalling,10pm to 2am,42.295306,-85.593815
454,stalking,10pm to 2am,42.291196,-85.592939
455,groping,2am to 6am,42.294677,-85.58998
456,sexual assault,10pm to 2am,42.290921,-85.590421
457,groping,10pm to 2am,42.293995,-85.590692
458,stalking,10pm to 2am,42.294679,-85.591814
459,catcalling,2am to 6am,42.291122,-85.592751
460,stalking,2am to 6am,42.291611,-85.593095
461,catcalling,10pm to 2am,42.294243,-85.593014
462,sexual assault,2am to 6am,42.293172,-85.590924
463,catcalling,10pm to 2am,42.291782,-85.593168
464,catcalling,10pm to 2am,42.292433,-85.593006
465,stalking,10pm to 2am,42.295307,-85.591236
466,catcalling,6pm to 10pm,42.290729,-85.591342
467,catcalling,10pm to 2am,42.295437,-85.591468
468,stalking,6pm to 10pm,42.291709,-85.590758
469,groping,2am to 6am,42.29444,-85.591313
470,drugging,10pm to 2am,42.292618,-85.590378
471,catcalling,10pm to 2am,42.295102,-85.591922
472,stalking,2am to 6am,42.29115,-85.591046
473,groping,2am to 6am,42.292344,-85.590245
474,battery,10pm to 2am,42.291569,-85.592905
475,groping,6pm to 10pm,42.293716,-85.591741
476,battery,6am to 10am,42.29565,-85.592725
477,groping,2am to 6am,42.292983,-85.592699
478,stalking,10pm to 2am,42.295208,-85.593845
479,groping,2pm to 6pm,42.293247,-85.593469
480,catcalling,10pm to 2am,42.291077,-85.593037
481,stalking,10pm to 2am,42.295572,-85.590714
482,drugging,6pm to 10pm,42.294547,-85.593203
483,catcalling,6pm to 10pm,42.294195,-85.590096
484,drugging,2am to 6am,42.295523,-85.593524
485,catcalling,10pm to 2am,42.294744,-85.591623
486,catcalling,2am to 6am,42.291997,-85.590256
487,drugging,2am to 6am,42.292433,-85.592803
488,stalking,6pm to 10pm,42.29562,-85.592317
489,catcalling,10pm to 2am,42.295346,-85.590438
490,stalking,10pm to 2am,42.292966,-85.592867
491,catcalling,6am to 10am,42.292075,-85.59075
492,catcalling,2am to 6am,42.293805,-85.591318
493,battery,10pm to 2am,42.292734,-85.592093
494,catcalling,10pm to 2am,42.292886,-85.593924
495,drugging,10pm to 2am,42.293049,-85.590574
496,catcalling,2am to 6am,42.293396,-85.591012
497,groping,2am to 6am,42.291192,-85.593672
498,groping,10pm to 2am,42.293861,-85.591347
499,groping,2pm to 6pm,42.292908,-85.592582
500,catcalling,2am to 6am,42.292463,-85.592204
501,catcalling,6pm to 10pm,42.292933,-85.592548
502,groping,6pm to 10pm,42.291358,-85.590414
503,groping,6pm to 10pm,42.295625,-85.590161
504,sexual assault,2am to 6am,42.290707,-85.59219
505,catcalling,2am to 6am,42.294316,-85.590827
506,catcalling,6pm to 10pm,42.292484,-85.594115
507,sexual assault,2am to 6am,42.291521,-85.593801
508,drugging,2am to 6am,42.295135,-85.592774
509,sexual assault,6pm to 10pm,42.294555,-85.591636
510,catcalling,6am to 10am,42.291257,-85.590597
511,catcalling,10pm to 2am,42.293196,-85.594152
512,drugging,6am to 10am,42.293925,-85.590048
513,groping,6am to 10am,42.291189,-85.593034
514,catcalling,10pm to 2am,42.294747,-85.592351
515,groping,2am to 6am,42.291996,-85.593122
516,drugging,2am to 6am,42.293527,-85.593868
517,drugging,2am to 6am,42.293707,-85.590053
518,groping,2pm to 6pm,42.290809,-85.592981
519,groping,2am to 6am,42.292174,-85.593753
520,drugging,6pm to 10pm,42.292124,-85.59068
521,drugging,10pm to 2am,42.295414,-85.594011
522,stalking,6am to 10am,42.290726,-85.593648
523,sexual assault,2am to 6am,42.292498,-85.591038
524,catcalling,2am to 6am,42.294878,-85.593415
525,catcalling,2am to 6am,42.293421,-85.590676
526,catcalling,2am to 6am,42.291332,-85.591107
527,catcalling,2am to 6am,42.293725,-85.591902
528,groping,2am to 6am,42.293636,-85.590709
529,groping,6pm to 10pm,42.295575,-85.592245
530,stalking,10pm to 2am,42.294406,-85.59003
531,groping,10pm to 2am,42.29479,-85.59148
532,catcalling,2am to 6am,42.294526,-85.590597
533,catcalling,6pm to 10pm,42.293201,-85.590174
534,groping,2am to 6am,42.292525,-85.591975
535,drugging,10pm to 2am,42.293646,-85.59376
536,drugging,10pm to 2am,42.293715,-85.592573
537,catcalling,2am to 6am,42.291792,-85.593216
538,catcalling,10pm to 2am,42.292759,-85.589967
539,catcalling,10pm to 2am,42.292256,-85.59368
540,drugging,2am to 6am,42.294301,-85.590212
541,stalking,2pm to 6pm,42.292272,-85.593
542,catcalling,6pm to 10pm,42.293607,-85.593938
543,drugging,2am to 6am,42.293688,-85.593908
544,groping,2am to 6am,42.293849,-85.592847
545,catcalling,2am to 6am,42.295613,-85.591578
546,catcalling,6am to 10am,42.294912,-85.592947
547,catcalling,6am to 10am,42.291263,-85.592178
548,catcalling,6pm to 10pm,42.294116,-85.593595
549,catcalling,2am to 6am,42.292809,-85.590704
550,groping,2am to 6am,42.292324,-85.592486
551,groping,10pm to 2am,42.290752,-85.590174
552,stalking,10pm to 2am,42.292423,-85.590955
553,groping,2am to 6am,42.292514,-85.592332
554,catcalling,2am to 6am,42.293156,-85.590434
555,catcalling,2am to 6am,42.290874,-85.593853
556,groping,10pm to 2am,42.295597,-85.59138
557,groping,6pm to 10pm,42.293169,-85.593297
558,catcalling,6pm to 10pm,42.294858,-85.593262
559,drugging,10pm to 2am,42.29303,-85.591375
560,drugging,6pm to 10pm,42.29123,-85.593932
561,catcalling,10pm to 2am,42.292734,-85.591135
562,groping,10pm to 2am,42.293374,-85.593325
563,sexual assault,10pm to 2am,42.290948,-85.591854
564,sexual assault,6pm to 10pm,42.295365,-85.592393
565,drugging,2am to 6am,42.291945,-85.591745
566,catcalling,2am to 6am,42.294001,-85.593794
567,battery,2am to 6am,42.294897,-85.594065
568,groping,10pm to 2am,42.295139,-85.5934
569,catcalling,10pm to 2am,42.294456,-85.592231
570,groping,10pm to 2am,42.292515,-85.591861
571,catcalling,2am to 6am,42.294581,-85.591511
572,catcalling,2am to 6am,42.293054,-85.589978
573,catcalling,2am to 6am,42.292554,-85.591147
574,stalking,2am to 6am,42.29449,-85.592809
575,groping,2pm to 6pm,42.291047,-85.590087
576,catcalling,6pm to 10pm,42.295675,-85.591812
577,groping,2am to 6am,42.295332,-85.591153
578,catcalling,10pm to 2am,42.292759,-85.593241
579,battery,10pm to 2am,42.292981,-85.593234
580,groping,2pm to 6pm,42.295104,-85.591714
581,groping,2am to 6am,42.291027,-85.593771
582,groping,10pm to 2am,42.29432,-85.590876
583,groping,2am to 6am,42.290828,-85.593078
584,catcalling,10pm to 2am,42.294082,-85.590298
585,sexual assault,10pm to 2am,42.291258,-85.591495
586,sexual assault,2am to 6am,42.2929,-85.591225
587,drugging,2am to 6am,42.293006,-85.593705
588,catcalling,10pm to 2am,42.293594,-85.590342
589,catcalling,6am to 10am,42.290723,-85.593883
590,groping,2am to 6am,42.293707,-85.592013
591,catcalling,6pm to 10pm,42.291044,-85.593095
592,sexual assault,10am to 2pm,42.29406,-85.591954
593,drugging,2am to 6am,42.294978,-85.590636
594,stalking,2am to 6am,42.293203,-85.593865
595,catcalling,2am to 6am,42.294901,-85.593536
596,stalking,6pm to 10pm,42.29079,-85.592713
597,drugging,2am to 6am,42.295182,-85.594121
598,groping,2am to 6am,42.293947,-85.593272
599,catcalling,6pm to 10pm,42.291744,-85.593911
600,catcalling,6am to 10am,42.295182,-85.593267
601,catcalling,2am to 6am,42.292343,-85.59301
602,groping,2am to 6am,42.293416,-85.59228
603,drugging,10pm to 2am,42.291267,-85.590615
604,groping,2am to 6am,42.295585,-85.590754
605,catcalling,2am to 6am,42.293445,-85.59108
606,catcalling,2am to 6am,42.293694,-85.591458
607,catcalling,2pm to 6pm,42.293877,-85.590937
608,catcalling,10pm to 2am,42.292561,-85.591125
609,catcalling,10pm to 2am,42.292023,-85.590124
610,groping,2am to 6am,42.295334,-85.591476
611,groping,10am to 2pm,42.290982,-85.592354
612,drugging,6am to 10am,42.293434,-85.592252
613,catcalling,6pm to 10pm,42.291932,-85.591274
614,catcalling,10pm to 2am,42.292739,-85.5907
615,drugging,10pm to 2am,42.293208,-85.593413
616,groping,6am to 10am,42.295355,-85.590764
617,groping,2pm to 6pm,42.29435,-85.592538
618,groping,10pm to 2am,42.290803,-85.591005
619,catcalling,10pm to 2am,42.293211,-85.594139
620,groping,10pm to 2am,42.294116,-85.591429
621,catcalling,10pm to 2am,42.294516,-85.591405
622,stalking,10pm to 2am,42.291296,-85.593471
623,sexual assault,2am to 6am,42.292036,-85.593339
624,groping,2am to 6am,42.290872,-85.593681
625,stalking,2am to 6am,42.294102,-85.590476
626,groping,6pm to 10pm,42.295027,-85.590119
627,catcalling,2am to 6am,42.291997,-85.590485
628,groping,2am to 6am,42.294475,-85.591609
629,catcalling,2am to 6am,42.295382,-85.593732
630,catcalling,10pm to 2am,42.291715,-85.591176
631,drugging,6pm to 10pm,42.293832,-85.593335
632,stalking,2am to 6am,42.290754,-85.593343
633,catcalling,10pm to 2am,42.291745,-85.59407
634,stalking,2am to 6am,42.295179,-85.591047
635,drugging,6pm to 10pm,42.292612,-85.590251
636,stalking,2am to 6am,42.29135,-85.592399
637,catcalling,2am to 6am,42.291318,-85.592479
638,catcalling,2am to 6am,42.29313,-85.590967
639,groping,2am to 6am,42.291764,-85.593694
640,sexual assault,6am to 10am,42.292695,-85.591974
641,catcalling,6pm to 10pm,42.291131,-85.592576
642,drugging,2am to 6am,42.293922,-85.593506
643,groping,2am to 6am,42.292452,-85.591463
644,stalking,2am to 6am,42.295246,-85.59251
645,stalking,2pm to 6pm,42.293073,-85.590422
646,groping,10pm to 2am,42.293666,-85.592383
647,catcalling,10pm to 2am,42.294174,-85.592158
648,catcalling,2am to 6am,42.292167,-85.592274
649,drugging,6am to 10am,42.292451,-85.593164
650,drugging,6pm to 10pm,42.291845,-85.590457
651,battery,2am to 6am,42.295036,-85.590996
652,catcalling,2am to 6am,42.294995,-85.591536
653,catcalling,10pm to 2am,42.294601,-85.591025
654,groping,10pm to 2am,42.291328,-85.593624
655,drugging,2am to 6am,42.291106,-85.591265
656,stalking,10pm to 2am,42.291793,-85.590552
657,groping,2am to 6am,42.294103,-85.590474
658,catcalling,2am to 6am,42.292625,-85.593047
659,catcalling,2am to 6am,42.294673,-85.593164
660,catcalling,2am to 6am,42.293912,-85.592487
661,catcalling,2pm to 6pm,42.291166,-85.590446
662,sexual assault,6pm to 10pm,42.293371,-85.59342
663,sexual assault,2am to 6am,42.293527,-85.591863
664,battery,2am to 6am,42.292446,-85.591701
665,catcalling,10pm to 2am,42.295334,-85.593864
666,groping,2pm to 6pm,42.294192,-85.590457
667,catcalling,2pm to 6pm,42.293377,-85.591747
668,drugging,6am to 10am,42.291743,-85.592916
669,groping,10pm to 2am,42.294867,-85.591382
670,catcalling,10pm to 2am,42.294776,-85.593472
671,groping,10pm to 2am,42.292132,-85.591127
672,groping,2am to 6am,42.290883,-85.59236
673,stalking,2am to 6am,42.292457,-85.590212
674,groping,10pm to 2am,42.294041,-85.59058
675,catcalling,6pm to 10pm,42.295169,-85.590959
676,catcalling,10pm to 2am,42.29509,-85.594059
677,stalking,6am to 10am,42.29185,-85.591533
678,catcalling,10pm to 2am,42.292508,-85.591229
679,stalking,10pm to 2am,42.293569,-85.590063
680,stalking,10am to 2pm,42.292618,-85.592088
681,drugging,6am to 10am,42.291322,-85.593218
682,drugging,10am to 2pm,42.291052,-85.5923
683,catcalling,10pm to 2am,42.290672,-85.590282
684,groping,6am to 10am,42.292022,-85.594116
685,catcalling,2am to 6am,42.29292,-85.59012
686,catcalling,10pm to 2am,42.291895,-85.590614
687,catcalling,10pm to 2am,42.291727,-85.593212
688,drugging,2am to 6am,42.291502,-85.591519
689,catcalling,2am to 6am,42.292898,-85.591254
690,stalking,2am to 6am,42.291511,-85.593311
691,catcalling,6pm to 10pm,42.290677,-85.591613
692,catcalling,6pm to 10pm,42.294728,-85.592414
693,catcalling,2am to 6am,42.29553,-85.592044
694,catcalling,2am to 6am,42.293791,-85.592619
695,drugging,2am to 6am,42.293375,-85.591742
696,groping,2am to 6am,42.291827,-85.590348
697,drugging,2pm to 6pm,42.29493,-85.591132
698,catcalling,10pm to 2am,42.290788,-85.592182
699,battery,2am to 6am,42.292894,-85.590591
700,catcalling,10am to 2pm,42.29219,-85.591057
701,sexual assault,10am to 2pm,42.292933,-85.590505
702,stalking,10pm to 2am,42.295257,-85.592283
703,drugging,10pm to 2am,42.293987,-85.592769
704,groping,10pm to 2am,42.291596,-85.592689
705,catcalling,10pm to 2am,42.29542,-85.590255
706,stalking,6am to 10am,42.294896,-85.592713
707,groping,6am to 10am,42.294874,-85.590477
708,groping,6pm to 10pm,42.292991,-85.591875
709,groping,2am to 6am,42.295648,-85.593802
710,stalking,10pm to 2am,42.29119,-85.59411
711,stalking,2am to 6am,42.293342,-85.589965
712,catcalling,2am to 6am,42.290924,-85.593604
713,catcalling,6am to 10am,42.293166,-85.591023
714,catcalling,2am to 6am,42.293212,-85.594091
715,catcalling,2am to 6am,42.295247,-85.592325
716,catcalling,10am to 2pm,42.294609,-85.593186
717,stalking,10pm to 2am,42.294079,-85.591726
718,catcalling,2am to 6am,42.291618,-85.590392
719,stalking,2am to 6am,42.291239,-85.592411
720,stalking,2am to 6am,42.293253,-85.590726
721,catcalling,2am to 6am,42.294731,-85.594096
722,catcalling,6am to 10am,42.294631,-85.593535
723,catcalling,6pm to 10pm,42.291215,-85.592525
724,stalking,10pm to 2am,42.292547,-85.59079
725,drugging,2am to 6am,42.292935,-85.593364
726,catcalling,10pm to 2am,42.291739,-85.592454
727,groping,10pm to 2am,42.291167,-85.591785
728,groping,2am to 6am,42.295295,-85.591839
729,catcalling,6pm to 10pm,42.294771,-85.593909
730,catcalling,10pm to 2am,42.295124,-85.591763
731,catcalling,2am to 6am,42.293405,-85.590311
732,catcalling,10pm to 2am,42.295002,-85.591339
733,catcalling,2am to 6am,42.293073,-85.593205
734,sexual assault,10pm to 2am,42.290821,-85.59322
735,battery,6pm to 10pm,42.295257,-85.592172
736,catcalling,10pm to 2am,42.293067,-85.591777
737,stalking,10pm to 2am,42.29542,-85.591098
738,groping,10am to 2pm,42.293779,-85.593806
739,drugging,10am to 2pm,42.294486,-85.590699
740,groping,2am to 6am,42.292944,-85.591542
741,catcalling,6pm to 10pm,42.293576,-85.593263
742,drugging,6pm to 10pm,42.292642,-85.594086
743,groping,6pm to 10pm,42.291127,-85.590373
744,catcalling,2am to 6am,42.292548,-85.593806
745,groping,10pm to 2am,42.293678,-85.592119
746,catcalling,6am to 10am,42.294978,-85.592519
747,drugging,2am to 6am,42.293115,-85.591235
748,catcalling,6am to 10am,42.293838,-85.590347
749,catcalling,2am to 6am,42.292128,-85.591307
750,catcalling,10pm to 2am,42.291955,-85.593254
751,groping,6am to 10am,42.291894,-85.590302
752,catcalling,2am to 6am,42.292997,-85.591603
753,catcalling,10am to 2pm,42.293114,-85.594063
754,groping,2am to 6am,42.291669,-85.594109
755,groping,2am to 6am,42.293038,-85.592083
756,catcalling,10pm to 2am,42.292676,-85.593607
757,catcalling,2am to 6am,42.292768,-85.592311
758,groping,6pm to 10pm,42.292747,-85.592405
759,catcalling,6pm to 10pm,42.290783,-85.593981
760,stalking,2am to 6am,42.29567,-85.593794
761,groping,6pm to 10pm,42.293347,-85.590132
762,catcalling,10pm to 2am,42.292171,-85.593847
763,groping,10pm to 2am,42.29434,-85.593481
764,catcalling,10pm to 2am,42.291271,-85.59119
765,catcalling,6pm to 10pm,42.291662,-85.590485
766,catcalling,2am to 6am,42.295301,-85.590406
767,groping,2am to 6am,42.293285,-85.591432
768,groping,10pm to 2am,42.292958,-85.592316
769,drugging,6am to 10am,42.291027,-85.592935
770,catcalling,2am to 6am,42.295133,-85.590851
771,catcalling,2am to 6am,42.294652,-85.591898
772,stalking,10pm to 2am,42.29342,-85.593552
773,groping,6pm to 10pm,42.291606,-85.591824
774,groping,6am to 10am,42.294267,-85.592451
775,drugging,2am to 6am,42.29121,-85.593717
776,groping,10pm to 2am,42.293946,-85.592887
777,drugging,10am to 2pm,42.29323,-85.590896
778,catcalling,2pm to 6pm,42.295241,-85.593779
779,battery,6pm to 10pm,42.295643,-85.591226
780,groping,10pm to 2am,42.293535,-85.593415
781,drugging,10pm to 2am,42.291828,-85.591767
782,battery,10am to 2pm,42.293312,-85.590939
783,drugging,10pm to 2am,42.294694,-85.591818
784,stalking,2am to 6am,42.290802,-85.591974
785,drugging,10pm to 2am,42.292715,-85.590633
786,drugging,2am to 6am,42.295152,-85.5922
787,drugging,2am to 6am,42.293997,-85.59307
788,catcalling,6pm to 10pm,42.293163,-85.591079
789,sexual assault,2am to 6am,42.294327,-85.593333
790,sexual assault,10pm to 2am,42.291438,-85.590689
791,drugging,6pm to 10pm,42.291227,-85.592294
792,sexual assault,6pm to 10pm,42.295434,-85.592245
793,drugging,6pm to 10pm,42.292054,-85.592396
794,groping,2am to 6am,42.29559,-85.593179
795,stalking,10pm to 2am,42.293854,-85.592159
796,catcalling,10pm to 2am,42.292213,-85.592596
797,groping,10pm to 2am,42.295614,-85.592302
798,catcalling,10pm to 2am,42.29513,-85.592725
799,catcalling,2am to 6am,42.290795,-85.591305
800,drugging,2am to 6am,42.291716,-85.593934
801,catcalling,2am to 6am,42.295664,-85.590432
802,drugging,10pm to 2am,42.294234,-85.590267
803,stalking,10pm to 2am,42.291085,-85.591513
804,drugging,10pm to 2am,42.293838,-85.5924
805,stalking,10am to 2pm,42.293581,-85.592138
806,stalking,6am to 10am,42.292813,-85.590973
807,groping,6am to 10am,42.292843,-85.591086
808,sexual assault,2am to 6am,42.292685,-85.594017
809,catcalling,10pm to 2am,42.291168,-85.594054
810,drugging,2am to 6am,42.292906,-85.592832
811,stalking,2am to 6am,42.29163,-85.590851
812,drugging,2am to 6am,42.294818,-85.591993
813,groping,10pm to 2am,42.29515,-85.590172
814,stalking,2am to 6am,42.291303,-85.590911
815,groping,2am to 6am,42.290916,-85.591623
816,groping,2am to 6am,42.295175,-85.592958
817,drugging,10pm to 2am,42.294125,-85.591254
818,catcalling,10pm to 2am,42.290927,-85.593634
819,catcalling,6pm to 10pm,42.295292,-85.590824
820,stalking,2pm to 6pm,42.293516,-85.593124
821,catcalling,10pm to 2am,42.294222,-85.590821
822,drugging,2am to 6am,42.295617,-85.592547
823,drugging,6pm to 10pm,42.291413,-85.593577
824,sexual assault,6pm to 10pm,42.295235,-85.591235
825,groping,2am to 6am,42.295248,-85.590276
826,groping,10pm to 2am,42.293918,-85.59187
827,groping,2am to 6am,42.295187,-85.592199
828,stalking,2am to 6am,42.293179,-85.591624
829,catcalling,10pm to 2am,42.293045,-85.593367
830,groping,2am to 6am,42.293559,-85.5908
831,drugging,2am to 6am,42.295252,-85.594007
832,catcalling,2am to 6am,42.292378,-85.593957
833,catcalling,10pm to 2am,42.292844,-85.592882
834,stalking,6pm to 10pm,42.293411,-85.593228
835,catcalling,10pm to 2am,42.292787,-85.592124
836,sexual assault,2am to 6am,42.295062,-85.591388
837,stalking,2am to 6am,42.290653,-85.592826
838,stalking,10pm to 2am,42.293192,-85.593523
839,groping,6am to 10am,42.294811,-85.590129
840,groping,10pm to 2am,42.290993,-85.593381
841,drugging,2am to 6am,42.290725,-85.592737
842,catcalling,10pm to 2am,42.295012,-85.59233
843,groping,6am to 10am,42.292381,-85.59229
844,groping,10am to 2pm,42.291641,-85.592122
845,stalking,2am to 6am,42.291077,-85.592898
846,drugging,10am to 2pm,42.291059,-85.592004
847,stalking,10pm to 2am,42.291399,-85.59355
848,drugging,10pm to 2am,42.293782,-85.592493
849,stalking,2am to 6am,42.293266,-85.592873
850,stalking,2am to 6am,42.291209,-85.590918
851,stalking,10pm to 2am,42.293861,-85.591238
852,catcalling,2pm to 6pm,42.293589,-85.590246
853,drugging,10pm to 2am,42.295297,-85.593151
854,stalking,10pm to 2am,42.294222,-85.592854
855,catcalling,2am to 6am,42.294272,-85.591564
856,catcalling,10pm to 2am,42.292974,-85.592831
857,battery,2pm to 6pm,42.293332,-85.593536
858,sexual assault,10pm to 2am,42.295632,-85.589971
859,drugging,10am to 2pm,42.293056,-85.592878
860,catcalling,10pm to 2am,42.291643,-85.59003
861,drugging,2am to 6am,42.2933,-85.59341
862,drugging,6pm to 10pm,42.294125,-85.593223
863,drugging,2am to 6am,42.29316,-85.590829
864,catcalling,2am to 6am,42.29238,-85.592603
865,groping,10pm to 2am,42.291702,-85.592595
866,groping,2am to 6am,42.292627,-85.590376
867,stalking,2am to 6am,42.294485,-85.58996
868,groping,10am to 2pm,42.291746,-85.590341
869,catcalling,2am to 6am,42.292104,-85.5917
870,catcalling,6pm to 10pm,42.293581,-85.593542
871,groping,10pm to 2am,42.29426,-85.590281
872,groping,2am to 6am,42.290748,-85.593127
873,catcalling,2am to 6am,42.293473,-85.590428
874,catcalling,2am to 6am,42.29295,-85.592342
875,sexual assault,2am to 6am,42.291775,-85.593564
876,catcalling,6am to 10am,42.294498,-85.593789
877,catcalling,2am to 6am,42.291465,-85.590746
878,groping,10pm to 2am,42.292048,-85.591249
879,catcalling,10am to 2pm,42.293199,-85.591824
880,catcalling,6am to 10am,42.293635,-85.591272
881,drugging,2am to 6am,42.293058,-85.592866
882,catcalling,6pm to 10pm,42.295618,-85.591101
883,stalking,10am to 2pm,42.293642,-85.591149
884,stalking,6pm to 10pm,42.29435,-85.591368
885,catcalling,10pm to 2am,42.292464,-85.591806
886,catcalling,2am to 6am,42.294369,-85.59408
887,catcalling,2am to 6am,42.292242,-85.593984
888,groping,2am to 6am,42.293061,-85.591186
889,catcalling,2am to 6am,42.29378,-85.593398
890,groping,10pm to 2am,42.291227,-85.593905
891,catcalling,2pm to 6pm,42.295644,-85.593936
892,stalking,2am to 6am,42.295502,-85.591964
893,groping,6am to 10am,42.295429,-85.593439
894,drugging,10pm to 2am,42.291208,-85.590506
895,catcalling,2am to 6am,42.292249,-85.592275
896,catcalling,6pm to 10pm,42.293614,-85.590414
897,groping,10pm to 2am,42.291287,-85.591547
898,groping,2am to 6am,42.293479,-85.591222
899,catcalling,10pm to 2am,42.294142,-85.591746
900,groping,2am to 6am,42.294339,-85.59037
901,drugging,10pm to 2am,42.293154,-85.59137
902,groping,6pm to 10pm,42.291124,-85.593797
903,groping,6pm to 10pm,42.292191,-85.591448
904,catcalling,10pm to 2am,42.293515,-85.590589
905,groping,10am to 2pm,42.293534,-85.592656
906,sexual assault,2am to 6am,42.294824,-85.590291
907,drugging,2am to 6am,42.29404,-85.592851
908,drugging,2am to 6am,42.293267,-85.590542
909,drugging,2am to 6am,42.293007,-85.590296
910,stalking,2am to 6am,42.295281,-85.594071
911,drugging,10pm to 2am,42.291626,-85.5906
912,groping,2pm to 6pm,42.2953,-85.593735
913,groping,6pm to 10pm,42.290782,-85.593267
914,catcalling,2am to 6am,42.293485,-85.59094
915,drugging,2am to 6am,42.294995,-85.590381
916,groping,10pm to 2am,42.291207,-85.593853
917,groping,6pm to 10pm,42.292104,-85.592461
918,catcalling,2am to 6am,42.29261,-85.590889
919,catcalling,2am to 6am,42.291132,-85.592913
920,stalking,10pm to 2am,42.293339,-85.591648
921,drugging,2am to 6am,42.290855,-85.59398
922,groping,10pm to 2am,42.293805,-85.591279
923,groping,10pm to 2am,42.293928,-85.592132
924,groping,2am to 6am,42.291956,-85.594004
925,drugging,2am to 6am,42.293986,-85.593467
926,stalking,6am to 10am,42.292544,-85.590482
927,catcalling,10pm to 2am,42.290986,-85.591402
928,groping,10pm to 2am,42.293333,-85.592264
929,groping,6pm to 10pm,42.293624,-85.591756
930,catcalling,2am to 6am,42.295252,-85.59218
931,groping,2am to 6am,42.293989,-85.592624
932,stalking,2am to 6am,42.292792,-85.591726
933,catcalling,6pm to 10pm,42.293745,-85.592022
934,catcalling,2am to 6am,42.291667,-85.592025
935,groping,2am to 6am,42.295245,-85.59159
936,catcalling,2am to 6am,42.291815,-85.592106
937,groping,10pm to 2am,42.29308,-85.590162
938,catcalling,2am to 6am,42.292141,-85.592947
939,catcalling,10pm to 2am,42.291996,-85.592968
940,stalking,2am to 6am,42.294364,-85.592481
941,catcalling,2am to 6am,42.294244,-85.592333
942,catcalling,2am to 6am,42.292364,-85.593648
943,drugging,6pm to 10pm,42.295292,-85.590035
944,groping,10am to 2pm,42.293562,-85.59154
945,drugging,6am to 10am,42.293338,-85.59154
946,stalking,2pm to 6pm,42.293638,-85.59155
947,sexual assault,10pm to 2am,42.29284,-85.593005
948,drugging,2am to 6am,42.294345,-85.592246
949,sexual assault,10pm to 2am,42.290942,-85.58998
950,catcalling,2am to 6am,42.29286,-85.591475
951,groping,6am to 10am,42.29491,-85.591565
952,catcalling,10pm to 2am,42.293897,-85.592408
953,groping,2am to 6am,42.293668,-85.591203
954,stalking,6am to 10am,42.295044,-85.590846
955,groping,10am to 2pm,42.292446,-85.59119
956,catcalling,2am to 6am,42.294878,-85.593559
957,catcalling,2am to 6am,42.291444,-85.593145
958,catcalling,6pm to 10pm,42.294492,-85.593595
959,groping,10pm to 2am,42.292613,-85.592891
960,drugging,10pm to 2am,42.290679,-85.590028
961,groping,2am to 6am,42.294608,-85.590045
962,catcalling,6pm to 10pm,42.294505,-85.590612
963,catcalling,6pm to 10pm,42.294924,-85.591039
964,groping,10pm to 2am,42.294214,-85.594138
965,sexual assault,2am to 6am,42.293192,-85.592582
966,groping,6am to 10am,42.291704,-85.590457
967,catcalling,2am to 6am,42.29402,-85.590489
968,drugging,10am to 2pm,42.291297,-85.59171
969,catcalling,2am to 6am,42.291554,-85.590892
970,catcalling,10pm to 2am,42.292011,-85.590856
971,catcalling,6am to 10am,42.294594,-85.592652
972,groping,6pm to 10pm,42.290776,-85.593435
973,sexual assault,6pm to 10pm,42.294045,-85.593021
974,groping,10pm to 2am,42.294039,-85.591749
975,catcalling,6pm to 10pm,42.291713,-85.593764
976,stalking,2am to 6am,42.291525,-85.593959
977,stalking,2pm to 6pm,42.292451,-85.593991
978,catcalling,2am to 6am,42.293482,-85.590255
979,groping,10pm to 2am,42.293926,-85.592716
980,catcalling,10pm to 2am,42.293132,-85.59355
981,drugging,10pm to 2am,42.292681,-85.590126
982,stalking,2am to 6am,42.29332,-85.590845
983,catcalling,6pm to 10pm,42.295349,-85.591548
984,battery,2am to 6am,42.294249,-85.59106
985,groping,6pm to 10pm,42.29142,-85.591425
986,stalking,2am to 6am,42.293028,-85.590222
987,groping,2am to 6am,42.293968,-85.59171
988,catcalling,10pm to 2am,42.294897,-85.593394
989,groping,6pm to 10pm,42.291526,-85.591684
990,catcalling,2pm to 6pm,42.293896,-85.592292
991,catcalling,10pm to 2am,42.292516,-85.590651
992,drugging,10pm to 2am,42.292064,-85.59289
993,catcalling,10pm to 2am,42.29492,-85.59379
994,stalking,6am to 10am,42.293762,-85.590657
995,catcalling,2am to 6am,42.290781,-85.590215
996,catcalling,10pm to 2am,42.290706,-85.593749
997,drugging,6am to 10am,42.293824,-85.593473
998,sexual assault,2am to 6am,42.291214,-85.591663
999,sexual assault,6am to 10am,42.293688,-85.591005
